{
  "dungeonName": "English",
  "size": 10,
  "questions": [
    {
      "question": "She ____ dinner tomorrow.",
      "answer": "b",
      "options": [
        "a. Made",
        "b. Will make",
        "c. Make",
        "d. Has made"
      ]
    },
    {
      "question": "What is the setting of a story?",
      "answer": "c",
      "options": [
        "a. The introduction.",
        "b. The main characters.",
        "c. The time & place of a story.",
        "d. Events that might take place in the future."
      ]
    },
    {
      "question": "What is a theme in a story? ",
      "answer": "a",
      "options": [
        "a. The message or moral of the story.",
        "b. Where and when the story takes place.",
        "c. The main characters.",
        "d. The antagonist."
      ]
    },
    {
      "question": "What part of speech modifies a verb?",
      "answer": "d",
      "options": [
        "a. adjectives",
        "b. pronouns",
        "c. conjunctions",
        "d. adverbs modify verbs"
      ]
    },
    {
      "question": "What part of speech modifies a noun?",
      "answer": "c",
      "options": [
        "a. verbs",
        "b. adnouns",
        "c. Adjectives modify(describe) nouns.",
        "d. contractions"
      ]
    },
    {
      "question": "The author’s _ is their perspective on what they are trying to convey through text.",
      "answer": "a",
      "options": [
        "a. point of view",
        "b. main idea ",
        "c. thesis",
        "d. rhetoric"
      ]
    },
    {
      "question": "What is the definition of protagonist?",
      "answer": "b",
      "options": [
        "a. Characters who are supporting the main character.",
        "b. The main character, the character that the story centers around.",
        "c. The side character.",
        "d. The character who is working against the main character."
      ]
    },
    {
      "question": "What is an antecedent?",
      "answer": "c",
      "options": [
        "a. Combination of two words.",
        "b. Word that describes a noun.",
        "c. The noun replaced by the pronoun.",
        "d. A word that comes before a noun."
      ]
    },
    {
      "question": "What are the 6 character types?",
      "answer": "a",
      "options": [
        "a. protagonist, antagonist, round, flat, dynamic & static.",
        "b. neutral good, neutral evil, lawful good, lawful evil, chaotic evil, chaotic good.",
        "c. good, evil, round, flat, dynamic & static.",
        "d. protagonist, antagonist, dynamic, flat, supporting, side."
      ]
    },
    {
      "question": "What is the difference between a round and flat character?",
      "answer": "d",
      "options": [
        "a. Round characters loop back to their original traits while flat remain different in the end.",
        "b. Round characters have circular character development while flat stay the same",
        "c. Round characters have few distinct features while flat have many.",
        "d. Round characters have lots of character traits(nice, intelligent, selfish etc), flat characters only have 1-2."
      ]
    }
  ]
}
