{
  "dungeonName": "History",
  "size": 10,
  "questions": [

    {
      "question": "What caused the start of the paleolithic era?",
      "answer": "a",
      "options": [
        "a. Fire, stone tools",
        "b. Fire, migration ",
        "c. Stone tools, migration",
        "d. Migration, language"
      ]
    },
    {
      "question": "The ___ and ___ were important rivers in ancient Mesopotamia.",
      "answer": "b",
      "options": [
        "a. Nile, Ganges",
        "b. Euphrates, Tigris",
        "c. White Nile, Blue Nile",
        "d. Ruvubu, Zambezi"
      ]
    },
    {
      "question": "In Sub-Saharan African states, ___ were used as a form of currency.",
      "answer": "b",
      "options": [
        "a. Beads",
        "b. Sea Shells",
        "c. Wheat",
        "d. Paper"
      ]
    },
    {
      "question": "The Phoenician ___ and the Mesopotamian ___ were the first forms of language developed by civilizations.",
      "answer": "c",
      "options": [
        "a. hieroglyphs, numbers",
        "b. cuneiform, hieroglyphs",
        "c. alphabet, cuneiform",
        "d. cuneiform, alphabet"
      ]
    },
    {
      "question": "The first skirmish of the American Revolution (1776) started at this location.",
      "answer": "c",
      "options": [
        "a. New York",
        "b. England",
        "c. Lexington and Concord",
        "d. Boston"
      ]
    },
    {
      "question": "Who signed the Emancipation Proclamation?",
      "answer": "b",
      "options": [
        "a. James A. Garfield",
        "b. Abraham Lincoln",
        "c. James Madison",
        "d. George Washington"
      ]
    },
    {
      "question": "Theodore Roosevelt expanded America’s influence in the hemisphere by construction of the ___.",
      "answer": "a",
      "options": [
        "a. Panama Canal",
        "b. Hoover Dam",
        "c. Alaskan Straight",
        "d. Golden Gate Bridge"
      ]
    },
    {
      "question": "In World War II, which countries were part of the Allied Powers?",
      "answer": "c",
      "options": [
        "a. Germany, Russia, Italy",
        "b. Italy, Germany, Japan",
        "c. Great Britain, France, Russia, U.S.",
        "d. U.S. France, Japan"
      ]
    },
    {
      "question": "In 1955, a black woman named ___ refused to give up her seat to a white man.",
      "answer": "d",
      "options": [
        "a. Coretta Scot King",
        "b. Elizabeth Cady Stanton",
        "c. Harriet Tubman",
        "d. Rosa Parks"
      ]
    },
    {
      "question": "The causes and effects of the Great Depression include:",
      "answer": "d",
      "options": [
        "a. The stock market went down quickly in one day and people rushed the banks.",
        "b. Unemployment rate shot up a lot because of the stock market crash.",
        "c. A lot of people were in debt.",
        "d. All of the above"
      ]
    }
  ]
}
