{
  "dungeonName": "Math",
  "size": 10,
  "questions": [
    {
      "question": "Find area of a right triangle with base length 10 units and height length 5 units.",
      "answer": "c",
      "options": [
        "a. 50 units",
        "b. 2 units",
        "c. 25 units",
        "d. 22 units"
      ]
    },
    {
      "question": "4(8+3) = ___",
      "answer": "a",
      "options": [
        "a. 32+12",
        "b. 48+12",
        "c. 32+7",
        "d. 34+12"
      ]
    },
    {
      "question": "3+6*5-2",
      "answer": "c",
      "options": [
        "a. 27",
        "b. 35",
        "c. 31",
        "d. 30"
      ]
    },
    {
      "question": "(1/2 + 3/2) __ (4/10 + 8/10)",
      "answer": "a",
      "options": [
        "a. >",
        "b. =",
        "c. <",
        "d. None of the above"
      ]
    },


    {
      "question": "-3*6*-1/-2+8=?",
      "answer": "d",
      "options": [
        "a. 1",
        "b. 0",
        "c. 17",
        "d. -1"
      ]
    },
    {
      "question": "(3+2)^2 +12",
      "answer": "d",
      "options": [
        "a. 36",
        "b. 48",
        "c. 1220703125",
        "d. 37"
      ]
    },
    {
      "question": "2/3+ 4/5",
      "answer": "a",
      "options": [
        "a. 22/15",
        "b. 22/5",
        "c. 6/8",
        "d. 6/15"
      ]
    },
    {
      "question": "1/3 * 3/5",
      "answer": "b",
      "options": [
        "a. 9/5",
        "b. 1/5",
        "c. 10/15",
        "d. 4/15"
      ]
    },
    {
      "question": "1/3 + 15/6 =?",
      "answer": "d",
      "options": [
        "a. 17/3",
        "b. 17/12",
        "c. 16/6",
        "d. 17/6"
      ]
    },
    {
      "question": "Balance the equation by finding x. 3x – 46 = 7x + 42",
      "answer": "a",
      "options": [
        "a. -22",
        "b. 22",
        "c. 4",
        "d. 10"
      ]
    }


  ]
}